name,address,rating,price,popularity,verified,station_idx,distance,lat_lon
Strata Cafe University of Auckland,2 Alfred Street,6.5,1,0.8720420840963768,False,0,179,"-36.851812,174.769457"
Relax a Lodge,30-38 Princes Street,6.7,1,0.847445150633775,False,0,253,"-36.85209,174.768454"
Uni Sushi,30-38 Princes Street,6.3,2,0.7824517936012065,False,0,206,"-36.852262,174.768509"
Jin Hai Wan Chinese Seafood Restaurant,57-59 Wakefield St,7.9,1,0.8624008043376782,False,0,404,"-36.854518,174.765025"
Piko Cafe,55 Wellesley Street East,7.3,1,0.95299651693059,True,0,400,"-36.852549,174.766527"
No. 1 Pancake,Lorne Street,8.2,2,0.024794427088943947,False,0,543,"-36.851036,174.765474"
Revive,33 Lorne Street,8.0,2,0.8849150777406729,False,0,552,"-36.850722,174.765293"
Chom Na Thai Food,40 Lorne Street,7.6,2,0.985636827175123,False,0,542,"-36.851036,174.765474"
Mrs Higgins Oven Fresh Cookies,268 Queen Street,8.7,1,0.9501418363316456,False,0,638,"-36.850198,174.76499"
The Kimchi Project,20 Lorne St,7.7,2,0.9700707386261626,False,0,563,"-36.850285,174.76589"
Kura Sake Bar,315b Queen Street,8.5,2,0.1664691730403246,False,1,111,"-36.853433,174.763235"
Tanuki's Cave,319 Queen Street,8.0,2,0.9085784049696578,False,1,109,"-36.853761,174.763066"
Kang Nam Station,329 Queen Street,7.2,2,0.9489927825056556,False,1,94,"-36.85379,174.762994"
Bite - Brazilian Eatery,54/368 Queen Street,8.4,2,0.9933929405005566,False,1,194,"-36.852808,174.7635"
Ah Ssak,472 Queen Street,7.5,2,0.9362993285216704,False,1,152,"-36.855921,174.762525"
Le Garde-Manger,466 Queen Street,7.1,3,0.9540917088584868,False,1,137,"-36.855757,174.762609"
Il Mee 一味食堂,480 Queen St,7.3,2,0.8790261768824733,False,1,175,"-36.855921,174.762525"
Katsura Japanese Restaurant,71 Mayoral Drive,8.4,2,0.9866422492728644,False,1,275,"-36.852719,174.760854"
Nando's,328 Queen St,7.7,2,0.9836798448777335,False,1,244,"-36.852593,174.764031"
"Eight at Cordis, Auckland",83 Symonds Street,7.9,-1,0.9916873137276024,True,1,273,"-36.857211,174.763807"
Katsura Japanese Restaurant,71 Mayoral Drive,8.4,2,0.9866422492728644,False,2,340,"-36.852719,174.760854"
Odettes,90 Wellesley Street West,8.4,-1,0.947215339868577,False,2,436,"-36.84984,174.758385"
Best Ugly Bagels,Nelson Street,8.3,1,0.9789399978455241,False,2,441,"-36.849915,174.758518"
Satya South Indian Cafe,271 Karangahape Road,8.5,-1,0.9706991274372508,False,2,459,"-36.857427,174.758339"
Scratch Bakers,77 Cook Street,7.6,1,0.3383424898560092,False,2,405,"-36.850412,174.756658"
Coco's Cantina,376 Karangahape Road,8.6,-1,0.9589751876189451,False,2,499,"-36.8582,174.756593"
Three Beans Roastery,90 Wellesley Street West,7.2,1,0.946299687600991,False,2,376,"-36.849542,174.758482"
Uncle Man,277 Karangahape Road,7.7,2,0.8997091457502963,True,2,460,"-36.857427,174.758339"
Food Truck Garage,90 Wellesley Street,7.6,1,0.9176631117813925,True,2,450,"-36.849575,174.759038"
Kura Sake Bar,315b Queen Street,8.5,2,0.1664691730403246,False,2,528,"-36.853433,174.763235"
Hectors Restaurant,35 Hobson Street,7.4,1,0.5779022586089267,True,3,60,"-36.846548,174.762032"
Salt,1 Fanshawe St,7.5,1,0.8813961003985781,False,3,139,"-36.844953,174.76109"
Akbar Durbar Indian Takeaways,51-61 Hobson Street,7.6,2,0.9417393802290926,False,3,143,"-36.847278,174.761827"
Major Sprout,21 Graham Street,8.3,1,0.8990628029731768,False,3,211,"-36.846698,174.759434"
1947 Eatery,60 Federal St,8.1,2,0.9731588207835111,False,3,230,"-36.847809,174.762967"
Scratch Bakers,5 Graham Street,7.7,1,0.9883299220797874,True,3,207,"-36.847138,174.759464"
Grand Harbour Chinese Restaurant,Cnr Pakenham Street East,7.6,1,0.9850443462960968,False,3,208,"-36.844621,174.760247"
Boracay Garden Restaurant,124 Customs Street West,8.5,2,0.9614169269991741,False,3,278,"-36.843685,174.760959"
Kingston Street Cafe,16 Kingston Street,7.3,1,0.8862077632949118,False,3,191,"-36.847613,174.762915"
Federal Delicatessen,86 Federal Street,8.9,2,0.992908183417717,False,3,303,"-36.849102,174.762433"
Cafe Melba,33 Vulcan Lane,8.5,1,0.9211820891234874,False,4,50,"-36.847307,174.766854"
That's Amore,42 High Street,8.4,2,0.9480771302380696,True,4,46,"-36.848045,174.766788"
Sushi Train - Chancery,32 Courthouse Lane,8.0,2,0.9824051132895256,False,4,31,"-36.84804,174.767278"
The Shelf,50 High Street,8.4,3,0.9785091026607777,False,4,107,"-36.848632,174.766457"
Chuffed,43 High Street,8.0,1,0.9757800998240511,False,4,91,"-36.848041,174.76616"
Renkon,10 Durham Street East,8.3,2,0.24180401450680455,False,4,107,"-36.848511,174.766118"
The Don Japanese Restaurant and Sake Bar,47 High St,7.8,2,0.9229595317605659,False,4,83,"-36.848164,174.766272"
Mamak Malaysian Restaurant,50 Kitchener Street,7.3,2,0.972584293870516,True,4,55,"-36.848228,174.76761"
Vultures Lane,10 Vulcan Ln,7.5,3,0.9857265970052784,True,4,93,"-36.847058,174.766413"
Bannsang,47 High st,7.2,2,0.9831591798628317,False,4,77,"-36.8482,174.766306"
Thirtynine Cafe,39 Ponsonby Road,7.7,1,0.9245574347373334,False,5,84,"-36.85738,174.748687"
Ponsonby International Food Court,106 Ponsonby Rd,7.8,-1,0.9412007612481598,False,5,97,"-36.857504,174.74827"
Thai House Restaurant,25 Ponsonby Road,7.1,2,0.9302308880031599,False,5,65,"-36.857591,174.749171"
Burgerfuel,114 Ponsonby Rd,7.6,2,0.9193687385543466,True,5,139,"-36.857315,174.747938"
Pane & Vino,20 Williamson Avenue,7.1,2,0.8738913425975798,False,5,95,"-36.858934,174.747933"
Orphans Kitchen,118 Ponsonby Road,7.5,2,0.924288125246867,False,5,160,"-36.857202,174.747738"
Freeman & Grey,43 Ponsonby Road,6.7,2,0.9617400983877339,False,5,98,"-36.857289,174.748639"
Oh!So Cafe,29 Crummer Road,7.6,1,0.8962260763402635,False,5,205,"-36.859982,174.748538"
Bali Nights,4 Williamson Avenue,-1.0,2,0.8862795791590362,False,5,7,"-36.858333,174.748873"
Maki Mono,2A Williamson Avenue,-1.0,2,0.6057668138891881,False,5,13,"-36.858291,174.749039"
El Sizzling Chorizo,136-138 Ponsonby Road,8.8,2,0.9456712987899026,False,6,37,"-36.856306,174.746281"
Dante's Pizzeria Napoletana,136 Ponsonby Road,8.5,1,0.8449315953894215,False,6,31,"-36.856276,174.746353"
Conch,115A Ponsonby Road,8.7,1,0.9344500700204675,False,6,61,"-36.855861,174.74674"
Le Vietnamese Kitchen,107 Ponsonby Road,8.3,2,0.9773241409027255,False,6,46,"-36.855974,174.746939"
Burger Burger,4 Brown St,8.0,1,0.9130489425114008,False,6,39,"-36.856229,174.746144"
Spqr,150 Ponsonby Road,8.4,2,0.975564652231678,False,6,87,"-36.855664,174.746268"
Little Bread & Butter Bakery,6 Richmond Road,7.4,1,0.45983697798843765,False,6,33,"-36.856528,174.746051"
The Blue Breeze Inn,146 Ponsonby Road,7.6,2,0.9601242414449351,False,6,48,"-36.856037,174.746305"
Bedford Soda & Liquor,4 Brown Street,7.3,2,0.9468023986498617,False,6,23,"-36.856201,174.74622"
Eighthirty Coffee Roasters,136 Ponsonby Road,7.5,1,0.8858666379403211,False,6,44,"-36.856306,174.746281"
Piko Cafe,55 Wellesley Street East,7.3,1,0.95299651693059,True,7,25,"-36.852549,174.766527"
No. 1 Pancake,Lorne Street,8.2,2,0.024794427088943947,False,7,210,"-36.851036,174.765474"
Jin Hai Wan Chinese Seafood Restaurant,57-59 Wakefield St,7.9,1,0.8624008043376782,False,7,223,"-36.854518,174.765025"
Revive,33 Lorne Street,8.0,2,0.8849150777406729,False,7,230,"-36.850722,174.765293"
Chom Na Thai Food,40 Lorne Street,7.6,2,0.985636827175123,False,7,203,"-36.851036,174.765474"
Bite - Brazilian Eatery,54/368 Queen Street,8.4,2,0.9933929405005566,False,7,260,"-36.852808,174.7635"
Nando's,328 Queen St,7.7,2,0.9836798448777335,False,7,229,"-36.852593,174.764031"
Burgerfuel,291 Queen Street,8.0,2,0.9887249093324716,True,7,263,"-36.851455,174.763939"
Mrs Higgins Oven Fresh Cookies,268 Queen Street,8.7,1,0.9501418363316456,False,7,319,"-36.850198,174.76499"
Kura Sake Bar,315b Queen Street,8.5,2,0.1664691730403246,False,7,318,"-36.853433,174.763235"
Coco's Cantina,376 Karangahape Road,8.6,-1,0.9589751876189451,False,8,8,"-36.8582,174.756593"
Carmen Jones,382 Karangahape Road,8.1,2,0.9262091996121943,False,8,27,"-36.858275,174.756726"
Sri Pinang,356 Karangahape Road,7.5,2,0.9683112499551151,False,8,46,"-36.858082,174.756883"
Satya South Indian Cafe,271 Karangahape Road,8.5,-1,0.9706991274372508,False,8,163,"-36.857427,174.758339"
Uncle Man,277 Karangahape Road,7.7,2,0.8997091457502963,True,8,159,"-36.857427,174.758339"
Lebanese Cafe,327 Karangahape Road,6.6,-1,0.8406405975079895,False,8,86,"-36.857646,174.757481"
Pokpok Thai Restaurant & Bar,261 Karangahape Road,7.2,2,0.45199109483284855,False,8,172,"-36.857473,174.758544"
Alta,366 Karangahape Rd,-1.0,2,0.518654170706309,False,8,34,"-36.858093,174.756906"
Eighthirty Coffee Roasters,553 Karangahape Road,7.9,1,0.8414664799454199,True,8,318,"-36.859114,174.753228"
The Pie Piper & Doornuts,"321 Karangahape Road, #3",-1.0,1,0.9771446012424144,False,8,83,"-36.857608,174.757414"
Scullery,166 Karangahape Road,7.9,1,0.00269309490466444,False,9,55,"-36.858058,174.760448"
Kati Grill,146 Karangahape Road,7.3,2,0.828431900606844,False,9,22,"-36.858066,174.760587"
Ken Yakitori Bar,89 Karangahape Rd,8.1,-1,0.9590829114151316,False,9,96,"-36.857746,174.762013"
Sal's Authentic New York Pizza,183 Karangahape Road,7.2,1,0.9226004524399439,False,9,82,"-36.857698,174.760061"
St Pierre's Sushi & Seafood,167 Karangahape Road,6.7,2,0.24245035728392403,True,9,55,"-36.858058,174.760448"
Mexicali Fresh K Road,150 Karangahape Road,6.4,1,0.9213436748177672,True,9,41,"-36.858066,174.760587"
Satya South Indian Cafe,271 Karangahape Road,8.5,-1,0.9706991274372508,False,9,245,"-36.857427,174.758339"
Lim Chhour Supermarket,184 Karangahape Road,6.4,-1,0.9956012783223814,False,9,88,"-36.858025,174.759892"
Uncle Man,277 Karangahape Road,7.7,2,0.8997091457502963,True,9,249,"-36.857427,174.758339"
"Eight at Cordis, Auckland",83 Symonds Street,7.9,-1,0.9916873137276024,True,9,273,"-36.857211,174.763807"
Satya South Indian Cafe,271 Karangahape Road,8.5,-1,0.9706991274372508,False,10,283,"-36.857427,174.758339"
Katsura Japanese Restaurant,71 Mayoral Drive,8.4,2,0.9866422492728644,False,10,328,"-36.852719,174.760854"
Uncle Man,277 Karangahape Road,7.7,2,0.8997091457502963,True,10,286,"-36.857427,174.758339"
Coco's Cantina,376 Karangahape Road,8.6,-1,0.9589751876189451,False,10,381,"-36.8582,174.756593"
Scullery,166 Karangahape Road,7.9,1,0.00269309490466444,False,10,340,"-36.858058,174.760448"
Pokpok Thai Restaurant & Bar,261 Karangahape Road,7.2,2,0.45199109483284855,False,10,274,"-36.857473,174.758544"
Ah Ssak,472 Queen Street,7.5,2,0.9362993285216704,False,10,306,"-36.855921,174.762525"
Il Mee 一味食堂,480 Queen St,7.3,2,0.8790261768824733,False,10,314,"-36.855921,174.762525"
Kura Sake Bar,315b Queen Street,8.5,2,0.1664691730403246,False,10,422,"-36.853433,174.763235"
Sri Pinang,356 Karangahape Road,7.5,2,0.9683112499551151,False,10,356,"-36.858082,174.756883"
Ken Yakitori Bar,89 Karangahape Rd,8.1,-1,0.9590829114151316,False,11,139,"-36.857746,174.762013"
"Eight at Cordis, Auckland",83 Symonds Street,7.9,-1,0.9916873137276024,True,11,140,"-36.857211,174.763807"
Betsia Kebabs and Chargrilled Burgers,9 City Road,7.0,2,0.045243994398362596,False,11,152,"-36.856822,174.763493"
Scullery,166 Karangahape Road,7.9,1,0.00269309490466444,False,11,287,"-36.858058,174.760448"
Kati Grill,146 Karangahape Road,7.3,2,0.828431900606844,False,11,253,"-36.858066,174.760587"
Il Mee 一味食堂,480 Queen St,7.3,2,0.8790261768824733,False,11,268,"-36.855921,174.762525"
Ah Ssak,472 Queen Street,7.5,2,0.9362993285216704,False,11,292,"-36.855921,174.762525"
Cafe Crema,31 Symonds Street,6.4,1,0.8999784552407627,False,11,167,"-36.854632,174.768089"
Da Vincis Italian Restaurant,5 City Road,5.9,2,0.7259147545692843,False,11,152,"-36.856884,174.763976"
Le Garde-Manger,466 Queen Street,7.1,3,0.9540917088584868,False,11,297,"-36.855757,174.762609"
Cafe Melba,33 Vulcan Lane,8.5,1,0.9211820891234874,False,12,63,"-36.847307,174.766854"
O'Connell Street Bistro,3 O'Connell Street,7.1,-1,0.6511544400157995,False,12,6,"-36.846883,174.767101"
Sal's Authentic New York Pizza,8 Commerce Street,8.2,1,0.9718122733311788,False,12,93,"-36.845351,174.768006"
Cassia,5 Fort Lane,8.8,2,0.9639843441416209,False,12,128,"-36.845763,174.766991"
Revive,16 Fort Street,7.7,2,0.10941146899350067,False,12,77,"-36.84586,174.766913"
Pilkingtons,41 Shortland Street,7.4,2,0.9570182053215556,False,12,63,"-36.847096,174.767851"
Vultures Lane,10 Vulcan Ln,7.5,3,0.9857265970052784,True,12,82,"-36.847058,174.766413"
That's Amore,42 High Street,8.4,2,0.9480771302380696,True,12,151,"-36.848045,174.766788"
Sushi Train - Chancery,32 Courthouse Lane,8.0,2,0.9824051132895256,False,12,133,"-36.84804,174.767278"
The Yakitori House,2B/18 Shortland Street,6.9,2,0.9525476677798126,False,12,45,"-36.84674,174.766974"
Major Sprout,21 Graham Street,8.3,1,0.8990628029731768,False,13,132,"-36.846698,174.759434"
Scratch Bakers,5 Graham Street,7.7,1,0.9883299220797874,True,13,126,"-36.847138,174.759464"
The Coffee Shop,192 Victoria Street West,7.2,1,0.10097310495888542,False,13,108,"-36.84826,174.757338"
Cafe Melba on Hardinge,Telecom Place,6.4,1,0.8994577902258609,False,13,27,"-36.847638,174.758232"
Odettes,90 Wellesley Street West,8.4,-1,0.947215339868577,False,13,205,"-36.84984,174.758385"
Best Ugly Bagels,Nelson Street,8.3,1,0.9789399978455241,False,13,210,"-36.849915,174.758518"
Toto's Italian Restaurant,53 Nelson Street,6.6,2,0.03353800854608783,False,13,65,"-36.848593,174.759544"
Haru No Yume Japanese Restaurant,3 Vernon Street,8.4,2,0.9397823979317032,False,13,221,"-36.848609,174.75584"
Food Truck Garage,90 Wellesley Street,7.6,1,0.9176631117813925,True,13,201,"-36.849575,174.759038"
Subway,167 Victoria Street West,5.8,1,0.8807497576214586,False,13,55,"-36.847605,174.757676"
The Grill by Sean Connolly,90 Federal Street,8.4,4,0.3673381449962297,False,14,102,"-36.849341,174.762482"
Tony's Original Steak & Seafood Restaurant,27 Wellesley Street,8.8,4,0.9838234766059822,False,14,121,"-36.850359,174.763159"
Masu,90 Federal Street,8.1,2,0.9811124277352867,False,14,99,"-36.849207,174.762494"
Depot Eatery & Oyster Bar,86 Federal St,9.0,2,0.9880785665553521,False,14,136,"-36.849102,174.762433"
Federal Delicatessen,86 Federal Street,8.9,2,0.992908183417717,False,14,152,"-36.849102,174.762433"
Bellota,91 Federal Street,7.7,3,0.5564472692017667,True,14,97,"-36.849018,174.762161"
Elliott Stables,39 Elliott Street,8.3,-1,0.9864447556465223,False,14,157,"-36.850309,174.763443"
Little Mexico,29-31 WELLELEY ST WEST,7.6,1,0.83590075047578,True,14,112,"-36.850368,174.763298"
Chawlas Indian Restaurant,21B Wellesley Street West,7.6,2,0.8919350784588316,False,14,135,"-36.8503,174.763304"
Reslau,39 Elliott Street,7.7,1,0.2956479586340623,False,14,159,"-36.850309,174.763443"
Ken Yakitori Bar,89 Karangahape Rd,8.1,-1,0.9590829114151316,False,15,97,"-36.857746,174.762013"
Il Mee 一味食堂,480 Queen St,7.3,2,0.8790261768824733,False,15,113,"-36.855921,174.762525"
"Eight at Cordis, Auckland",83 Symonds Street,7.9,-1,0.9916873137276024,True,15,165,"-36.857211,174.763807"
Scullery,166 Karangahape Road,7.9,1,0.00269309490466444,False,15,171,"-36.858058,174.760448"
Ah Ssak,472 Queen Street,7.5,2,0.9362993285216704,False,15,139,"-36.855921,174.762525"
Kati Grill,146 Karangahape Road,7.3,2,0.828431900606844,False,15,148,"-36.858066,174.760587"
Betsia Kebabs and Chargrilled Burgers,9 City Road,7.0,2,0.045243994398362596,False,15,118,"-36.856822,174.763493"
Le Garde-Manger,466 Queen Street,7.1,3,0.9540917088584868,False,15,152,"-36.855757,174.762609"
Shaolin Kung Fu Noodle,486 Queen Street,6.5,1,0.9099069984559589,False,15,96,"-36.856181,174.762257"
Fujisan,474 Queen Street,6.7,2,0.598657043340874,False,15,127,"-36.855959,174.762591"
Cibo Parnell,91 St Georges Bay Road,7.8,2,0.8847175841143309,False,16,35,"-36.852191,174.782695"
The Chiller,114 St Georges Bay Rd,6.9,1,0.34870192825595175,False,16,154,"-36.851039,174.782029"
Sachie's Kitchen,91 St Georges Bay Road,-1.0,2,0.8701748716291429,False,16,25,"-36.852258,174.782689"
Little Dream,96 St Georges Bay Rd,-1.0,1,0.39435886387302954,False,16,51,"-36.852108,174.782423"
Rosie,82 Gladstone Road,8.4,1,0.926891450321376,False,16,327,"-36.852397,174.786169"
La Porchetta Parnell,167-171 Parnell Road,8.2,2,0.9944881324284535,True,16,330,"-36.8543,174.779574"
Woodpecker Hill,196 Parnell Rd,8.0,2,0.7247836547093253,False,16,338,"-36.854534,174.780112"
Winona Forever,100 Parnell Rd,7.6,1,0.9691730403246077,False,16,322,"-36.852674,174.778913"
Gion Japanese Restaurant,197 Parnell Road,7.6,2,0.9045746705447233,False,16,321,"-36.854862,174.779944"
Renkon,211 Parnell Road,8.1,2,0.9491902761319976,False,16,369,"-36.855034,174.779998"
Tapestry Dining,Corner Waterloo Quadrant and Princes Street,6.9,2,0.3366727710151172,True,17,13,"-36.848213,174.770196"
That's Amore,42 High Street,8.4,2,0.9480771302380696,True,17,259,"-36.848045,174.766788"
Sushi Train - Chancery,32 Courthouse Lane,8.0,2,0.9824051132895256,False,17,256,"-36.84804,174.767278"
Ken Yakitori Bar Anzac,55 Anzac Avenue,7.8,-1,0.9585622464002298,False,17,242,"-36.846999,174.771911"
Sal's Authentic New York Pizza,8 Commerce Street,8.2,1,0.9718122733311788,False,17,277,"-36.845351,174.768006"
Cafe Melba,33 Vulcan Lane,8.5,1,0.9211820891234874,False,17,303,"-36.847307,174.766854"
Ima,57 Fort Street,7.8,2,0.9438938561528242,False,17,263,"-36.846281,174.768901"
Mamak Malaysian Restaurant,50 Kitchener Street,7.3,2,0.972584293870516,True,17,225,"-36.848228,174.76761"
Pilkingtons,41 Shortland Street,7.4,2,0.9570182053215556,False,17,245,"-36.847096,174.767851"
The Shelf,50 High Street,8.4,3,0.9785091026607777,False,17,324,"-36.848632,174.766457"
Piko Cafe,55 Wellesley Street East,7.3,1,0.95299651693059,True,18,83,"-36.852549,174.766527"
Jin Hai Wan Chinese Seafood Restaurant,57-59 Wakefield St,7.9,1,0.8624008043376782,False,18,206,"-36.854518,174.765025"
No. 1 Pancake,Lorne Street,8.2,2,0.024794427088943947,False,18,264,"-36.851036,174.765474"
Relax a Lodge,30-38 Princes Street,6.7,1,0.847445150633775,False,18,146,"-36.85209,174.768454"
Revive,33 Lorne Street,8.0,2,0.8849150777406729,False,18,281,"-36.850722,174.765293"
Bite - Brazilian Eatery,54/368 Queen Street,8.4,2,0.9933929405005566,False,18,312,"-36.852808,174.7635"
Chom Na Thai Food,40 Lorne Street,7.6,2,0.985636827175123,False,18,258,"-36.851036,174.765474"
Nando's,328 Queen St,7.7,2,0.9836798448777335,False,18,287,"-36.852593,174.764031"
Uni Sushi,30-38 Princes Street,6.3,2,0.7824517936012065,False,18,139,"-36.852262,174.768509"
Burgerfuel,291 Queen Street,8.0,2,0.9887249093324716,True,18,326,"-36.851455,174.763939"
Jin Hai Wan Chinese Seafood Restaurant,57-59 Wakefield St,7.9,1,0.8624008043376782,False,19,125,"-36.854518,174.765025"
Piko Cafe,55 Wellesley Street East,7.3,1,0.95299651693059,True,19,222,"-36.852549,174.766527"
Bite - Brazilian Eatery,54/368 Queen Street,8.4,2,0.9933929405005566,False,19,390,"-36.852808,174.7635"
Kura Sake Bar,315b Queen Street,8.5,2,0.1664691730403246,False,19,409,"-36.853433,174.763235"
Relax a Lodge,30-38 Princes Street,6.7,1,0.847445150633775,False,19,261,"-36.85209,174.768454"
No. 1 Pancake,Lorne Street,8.2,2,0.024794427088943947,False,19,424,"-36.851036,174.765474"
Uni Sushi,30-38 Princes Street,6.3,2,0.7824517936012065,False,19,217,"-36.852262,174.768509"
Nando's,328 Queen St,7.7,2,0.9836798448777335,False,19,385,"-36.852593,174.764031"
Tanuki's Cave,319 Queen Street,8.0,2,0.9085784049696578,False,19,413,"-36.853761,174.763066"
Revive,33 Lorne Street,8.0,2,0.8849150777406729,False,19,444,"-36.850722,174.765293"
St Pierre's Sushi Grafton,2 Park Road,6.9,2,0.7156450859994973,False,20,102,"-36.861566,174.770127"
Rice Burger,17 Park Rd,-1.0,2,0.4476462350533233,False,20,90,"-36.860519,174.76967"
Quiche Cafe,19 Park Road,-1.0,1,0.5336995942403677,False,20,157,"-36.860684,174.767201"
Beakers and Jars,7 Park Road,-1.0,1,0.585604510036267,False,20,173,"-36.860743,174.767056"
Jewel of Bombay,9 Park Road,-1.0,2,0.9007145678480376,False,20,182,"-36.860378,174.767159"
Wintergarden Cafe,The Crescent,7.5,1,0.964558871054616,False,20,460,"-36.859595,174.773778"
Santos,77 Carlton Gore Road,7.3,1,0.9459406082803692,False,20,504,"-36.864683,174.772644"
"Eight at Cordis, Auckland",83 Symonds Street,7.9,-1,0.9916873137276024,True,20,647,"-36.857211,174.763807"
Bian Sushi & Donburi,183 Symonds Street,8.5,2,0.8673201910301985,False,20,710,"-36.863082,174.760979"
Ramen Do,167 Symonds St,8.1,1,0.8945743114654027,False,20,694,"-36.862695,174.761293"
European Deli Skazka,16 Kingdon Street,7.2,1,0.9271607598118424,False,21,59,"-36.865886,174.777009"
Shaky Isles Coffee,27 Kingdon Street,7.1,1,0.500359079320622,False,21,60,"-36.86566,174.77661"
Nickies Thai Restaurant,34 Broadway,8.2,2,0.9552228087184459,True,21,225,"-36.864713,174.779419"
Mojo Newmarket,110 Carlton Gore Road,6.1,1,0.8420050989263528,False,21,23,"-36.865215,174.777069"
Archie's Restaurant & Pizzeria,61 Davis Crescent,7.7,1,0.9660131423031347,False,21,207,"-36.867001,174.777609"
Heizo Teppanyaki Restaurant,3D Short Street,7.4,2,0.8436927717332758,False,21,195,"-36.866745,174.777282"
Pita Pit Newmarket,123 Carlton Gore Road,-1.0,1,0.483967108334231,True,21,15,"-36.865421,174.776561"
Zoysa,24 Kingdon Street,-1.0,2,0.7603863693489892,False,21,26,"-36.865496,174.776694"
Hello Mister,123 Carlton Gore Rd,-1.0,2,0.9294588674638228,False,21,27,"-36.865421,174.776561"
Sushi Hits,106 Carlton Gore Road,-1.0,2,0.8417357894358863,False,21,28,"-36.864972,174.776391"
La Porchetta Parnell,167-171 Parnell Road,8.2,2,0.9944881324284535,True,22,12,"-36.8543,174.779574"
Woodpecker Hill,196 Parnell Rd,8.0,2,0.7247836547093253,False,22,40,"-36.854534,174.780112"
Gion Japanese Restaurant,197 Parnell Road,7.6,2,0.9045746705447233,False,22,27,"-36.854862,174.779944"
Oh Calcutta,151 Parnell Road,7.5,2,0.9493518618262774,False,22,30,"-36.853986,174.779393"
Burgerfuel,187 Parnell Road,7.7,2,0.9836439369456713,True,22,52,"-36.854652,174.779823"
Renkon,211 Parnell Road,8.1,2,0.9491902761319976,False,22,94,"-36.855034,174.779998"
Biskit Cafe and Kitchen,215 Parnell Rd,7.3,1,0.937340658551474,False,22,90,"-36.855071,174.780065"
Blue Elephant Thai Restaurant,237 Parnell Road,8.0,2,0.9231390714208769,False,22,162,"-36.855662,174.780362"
Sal's,2 Heather Street,7.6,1,0.9545046500772021,False,22,171,"-36.853152,174.778419"
Mink Cafe,99 Parnell Road,7.4,1,0.7257531688750045,False,22,168,"-36.853102,174.778703"
Sal's,2 Heather Street,7.6,1,0.9545046500772021,False,23,329,"-36.853152,174.778419"
Winona Forever,100 Parnell Rd,7.6,1,0.9691730403246077,False,23,360,"-36.852674,174.778913"
Mink Cafe,99 Parnell Road,7.4,1,0.7257531688750045,False,23,348,"-36.853102,174.778703"
La Porchetta Parnell,167-171 Parnell Road,8.2,2,0.9944881324284535,True,23,457,"-36.8543,174.779574"
Gion Japanese Restaurant,197 Parnell Road,7.6,2,0.9045746705447233,False,23,432,"-36.854862,174.779944"
Oh Calcutta,151 Parnell Road,7.5,2,0.9493518618262774,False,23,428,"-36.853986,174.779393"
Woodpecker Hill,196 Parnell Rd,8.0,2,0.7247836547093253,False,23,479,"-36.854534,174.780112"
Parnell Kebab,126 Parnell Road,6.9,2,0.7514991561635965,False,23,368,"-36.853097,174.779192"
Ruben,105 Parnell Road,6.8,1,0.1034687062372078,False,23,353,"-36.852619,174.779095"
Burgerfuel,187 Parnell Road,7.7,2,0.9836439369456713,True,23,474,"-36.854652,174.779823"
Baduzzi,10-26 Jellicoe Street,7.9,2,0.9480053143739452,False,24,176,"-36.841088,174.756999"
North Park,63 Jellicoe Street,7.1,2,0.9621709935724801,False,24,133,"-36.840489,174.756563"
Thai Street,3/12 Jellicoe Street,7.6,2,0.9256346726991993,False,24,187,"-36.841172,174.757271"
Seafood Central,22 Jellicoe Street,7.1,3,0.9314517576932745,True,24,153,"-36.841131,174.756576"
Miss Clawdy,12 Jellicoe Street,7.7,1,0.3769255628568351,False,24,209,"-36.841105,174.757277"
Pescado Tapas Bar,Jellicoe Street,6.3,2,0.8976444396567201,False,24,126,"-36.840623,174.756551"
Williams Eatery,"G03 85 Daldy Street, Wynyard Quarter",6.9,1,0.9798376961470789,False,24,206,"-36.842444,174.755411"
Rushworth,34-47 Jellicoe Street,7.1,1,0.8926891450321376,False,24,247,"-36.841105,174.757277"
Vip Restaurant,22 Jellicoe Street,-1.0,2,0.6107041545477396,False,24,107,"-36.841055,174.756443"
Market Cafe,22 Jellicoe Street,-1.0,1,0.8437825415634314,False,24,123,"-36.840929,174.756594"
Baduzzi,10-26 Jellicoe Street,7.9,2,0.9480053143739452,False,25,134,"-36.841088,174.756999"
Seafood Central,22 Jellicoe Street,7.1,3,0.9314517576932745,True,25,81,"-36.841131,174.756576"
Williams Eatery,"G03 85 Daldy Street, Wynyard Quarter",6.9,1,0.9798376961470789,False,25,74,"-36.842444,174.755411"
Thai Street,3/12 Jellicoe Street,7.6,2,0.9256346726991993,False,25,145,"-36.841172,174.757271"
Miss Clawdy,12 Jellicoe Street,7.7,1,0.3769255628568351,False,25,158,"-36.841105,174.757277"
North Park,63 Jellicoe Street,7.1,2,0.9621709935724801,False,25,159,"-36.840489,174.756563"
Rushworth,34-47 Jellicoe Street,7.1,1,0.8926891450321376,False,25,193,"-36.841105,174.757277"
Pescado Tapas Bar,Jellicoe Street,6.3,2,0.8976444396567201,False,25,163,"-36.840623,174.756551"
Vip Restaurant,22 Jellicoe Street,-1.0,2,0.6107041545477396,False,25,101,"-36.841055,174.756443"
Swashbucklers Restaurant,23 Westhaven Drive,8.8,3,0.9574311465402707,False,25,436,"-36.843723,174.751944"
Haru No Yume Japanese Restaurant,3 Vernon Street,8.4,2,0.9397823979317032,False,26,69,"-36.848609,174.75584"
The Coffee Shop,192 Victoria Street West,7.2,1,0.10097310495888542,False,26,47,"-36.84826,174.757338"
Caffetteria Allpress,8 Drake Street,7.6,1,0.8697978383424898,False,26,112,"-36.848727,174.75555"
Odettes,90 Wellesley Street West,8.4,-1,0.947215339868577,False,26,223,"-36.84984,174.758385"
Hansik,19 Drake Street,7.3,2,0.8613953822399368,True,26,156,"-36.848493,174.755012"
Legianz Bali,210 Victoria St W,7.3,2,0.8532442816618191,False,26,164,"-36.848484,174.75484"
Best Ugly Bagels,Nelson Street,8.3,1,0.9789399978455241,False,26,244,"-36.849915,174.758518"
Major Sprout,21 Graham Street,8.3,1,0.8990628029731768,False,26,272,"-36.846698,174.759434"
La Zeppa Kitchen and Bar,33 Drake St,7.6,3,0.9298359007504757,True,26,228,"-36.848607,174.754094"
Food Truck Garage,90 Wellesley Street,7.6,1,0.9176631117813925,True,26,238,"-36.849575,174.759038"
Mexico Britomart,23 Britomart Place,7.8,1,0.9784193328306223,True,27,46,"-36.845118,174.770331"
Amano,66-68 Tyler Street,8.5,2,0.9946497181227333,False,27,98,"-36.844678,174.770301"
Ebisu,116-118 Quay Street,8.9,2,0.9363890983518259,False,27,146,"-36.844175,174.769787"
Pita Pit,7 Britomart Place,7.4,1,0.4498186649430859,True,27,69,"-36.844828,174.770567"
Ostro Restaurant & Bar,52 Tyler Street,7.9,3,0.027828647348199217,False,27,122,"-36.844104,174.769164"
L'Assiette,9 Britomart Place,7.2,3,0.8911989658515566,False,27,61,"-36.844895,174.770561"
Tanpopo Ramen,13 Anzac Ave,7.5,2,0.9778986678157205,False,27,103,"-36.846094,174.771432"
Xi'an Food Bar,11 Anzac Ave,7.5,1,0.8798520593199037,False,27,109,"-36.846027,174.771438"
The Store,5B Gore Street,9.0,1,0.9921900247764731,False,27,203,"-36.844625,174.768839"
Little India,19-23 Anzac Avenue,7.2,2,0.9066752845703616,True,27,115,"-36.846191,174.771354"
